index,filename,error_code,filesize
45,images/reliable/02665e3526d5b6c954590ba57499a5d3b5e0c12e.jpg,ERROR_IMAGE_TOO_SMALL,631
93,images/reliable/0451a2326ea7729e1f2bcc2c2b962d56e35751f0.jpg,ERROR_IMAGE_TOO_SMALL,631
160,images/reliable/06f5592b0f3dfe58be9843ec230974a4ebdb04d7.jpg,ERROR_IMAGE_TOO_SMALL,631
195,images/reliable/08c9299e75a24a5c3519bf66f1f24dc8e6f17f1f.jpg,ERROR_IMAGE_TOO_SMALL,631
253,images/reliable/0c0cc8b7c5121cd51cce9df8c661d605234f9538.jpg,ERROR_IMAGE_TOO_SMALL,631
330,images/reliable/0fdf3c48f3fbb7c61ae8bdc0a9a659ce55d62494.jpg,ERROR_IMAGE_TOO_SMALL,631
397,images/reliable/12d2c8c5d2404b52b28975ffec1a86788a3f17b4.jpg,ERROR_IMAGE_TOO_SMALL,631
438,images/reliable/1416f8eaf7cd37db7cce385e3ead4b7bda096190.jpg,ERROR_IMAGE_TOO_SMALL,631
510,images/reliable/16c30fedd7df0be84faee86abb70f9c8ccdace61.jpg,ERROR_IMAGE_TOO_SMALL,631
539,images/reliable/1813b56e79ad06c3456e8d68ff316023c412f63e.jpg,ERROR_IMAGE_TOO_SMALL,631
622,images/reliable/1c4fb4a004ac374ae735c210f8560be0dce354ac.jpg,ERROR_IMAGE_TOO_SMALL,631
633,images/reliable/1ccf341369e55896c9f7ba7b85db796ac851782a.jpg,ERROR_IMAGE_TOO_SMALL,631
668,images/reliable/1ef804b98b631c60140b411b356587ecb4d8bba4.jpg,ERROR_IMAGE_TOO_SMALL,631
685,images/reliable/1fcef76547bee7f516b5aaac0d2f0862d006fe0b.jpg,ERROR_IMAGE_TOO_SMALL,631
732,images/reliable/2150ba79c20cf7140275b371d4b63057af4e42f6.jpg,ERROR_IMAGE_TOO_SMALL,631
769,images/reliable/22a84ffaaaf5a3f518da02784739af9b3c640e37.jpg,ERROR_IMAGE_TOO_SMALL,631
859,images/reliable/2686e3f8818fd09956b089d2851e3e6132576ba3.jpg,ERROR_IMAGE_TOO_SMALL,631
868,images/reliable/26c5e8fe53e9cff3de187bff907b65ff523d67ec.jpg,ERROR_IMAGE_TOO_SMALL,631
909,images/reliable/28c321b6ab56e20fa642f7ea4b34e011b8d3eca1.jpg,ERROR_IMAGE_TOO_SMALL,631
1006,images/reliable/2d51e86ceee270a6e58dc587cf586f0e7a20470a.jpg,ERROR_IMAGE_TOO_SMALL,631
1044,images/reliable/2f8dbf01a263d38d3d14d510a7b1088c7ec69ef2.jpg,ERROR_IMAGE_TOO_SMALL,631
1074,images/reliable/3120fbfc728941da16db6ed12c00424ec71d7c12.jpg,ERROR_IMAGE_TOO_SMALL,631
1142,images/reliable/343abcbef538a4075e5ec0c61ef73a2ffeb9d8d2.jpg,ERROR_IMAGE_TOO_SMALL,631
1189,images/reliable/363784d3373f847e4ed22a58cfefb9dbae305af8.jpg,ERROR_IMAGE_TOO_SMALL,631
1212,images/reliable/377810d7fd49ee3df7538236630fd89756389470.jpg,ERROR_IMAGE_TOO_SMALL,631
1268,images/reliable/3a3f555f4136309048ecb13b0b2390d48135c90a.jpg,ERROR_IMAGE_TOO_SMALL,631
1373,images/reliable/3f16b21be12f18de26b0c3d33088cd70e21f0ecf.jpg,ERROR_IMAGE_TOO_SMALL,631
1398,images/reliable/4021628e48445060300a5a77d880ef7d6687d361.jpg,ERROR_IMAGE_TOO_SMALL,631
1503,images/reliable/44c0545ecf1b0f6000c5f208f3bc341da2d518b7.jpg,ERROR_IMAGE_TOO_SMALL,631
1536,images/reliable/463dd656a1568f2e4a3255a106cfad1331e5d527.jpg,ERROR_IMAGE_TOO_SMALL,631
1539,images/reliable/4679751bcf89008bdcf2c6b6d655935afa4c9d85.jpg,ERROR_IMAGE_TOO_SMALL,631
1549,images/reliable/472dfdac6477296c3cc2f7509cad30f058103056.jpg,ERROR_IMAGE_TOO_SMALL,631
1574,images/reliable/48d1bb626e44663342b1db218e1ad6d0adcbb2e5.jpg,ERROR_IMAGE_TOO_SMALL,631
1606,images/reliable/4a6d29a81bc6ea975bd486b9bf40b6cf64b882e1.jpg,ERROR_IMAGE_TOO_SMALL,631
1731,images/reliable/50a448001da3932743afd0267cd1e90704264099.jpg,ERROR_IMAGE_TOO_SMALL,631
1801,images/reliable/536bfed24ab07b1cd6bedbab8023dc94bc4845ef.jpg,ERROR_IMAGE_TOO_SMALL,631
1835,images/reliable/550885d63ac18426d572d51ba23a92dbf4ac59ed.jpg,ERROR_IMAGE_TOO_SMALL,631
1892,images/reliable/57e848a2c06e99f184c306a31b631cfdf5c07daa.jpg,ERROR_IMAGE_TOO_SMALL,631
2004,images/reliable/5c6a5a5d0604168bfef63ebfa41d7aa31e59dcc8.jpg,ERROR_IMAGE_TOO_SMALL,631
2069,images/reliable/5fa051c3b2481074b9165537515d858db4602dc9.jpg,ERROR_IMAGE_TOO_SMALL,631
2070,images/reliable/5fbca626191746606a786dbdf3f1ea9863b39d33.jpg,ERROR_IMAGE_TOO_SMALL,631
2146,images/reliable/6314fe7d4b791f4ef0a93f636c075fbbe4620a8e.jpg,ERROR_IMAGE_TOO_SMALL,631
2173,images/reliable/63f2f17123381dd317fc79a71d5f047a69b73d0b.jpg,ERROR_IMAGE_TOO_SMALL,631
2183,images/reliable/644ee7b7d93791165a5d245378fae64e17a94896.jpg,ERROR_IMAGE_TOO_SMALL,631
2196,images/reliable/64cfe5e1d11a59a86e34c7a4b2f906dc24bf5def.jpg,ERROR_IMAGE_TOO_SMALL,631
2235,images/reliable/66b6ef877b9e53ff79cfa6febf1a07de1fb1f582.jpg,ERROR_IMAGE_TOO_SMALL,631
2342,images/reliable/6a29d5855b07f7310e25fc36e2f29755d72e8b49.jpg,ERROR_IMAGE_TOO_SMALL,631
2367,images/reliable/6aead7198a59e234531919ab19818e68e3230c36.jpg,ERROR_IMAGE_TOO_SMALL,631
2407,images/reliable/6cdb5a524313c0ef0f7ac8f1fcfacc30c25a7af4.jpg,ERROR_IMAGE_TOO_SMALL,631
2408,images/reliable/6ce17fe887edf9687844c6656d09375bd875290a.jpg,ERROR_IMAGE_TOO_SMALL,631
2422,images/reliable/6d6371c37af8b8439cedc83e3b012d16a3513942.jpg,ERROR_IMAGE_TOO_SMALL,631
2439,images/reliable/6dfbd0a6bf583c999c2b74a99fab14fc10fec429.jpg,ERROR_IMAGE_TOO_SMALL,631
2492,images/reliable/70b2f3f5cf773926ebd27fd421b6e2f011d56495.jpg,ERROR_IMAGE_TOO_SMALL,631
2693,images/reliable/79dae9ed099e17a00bddfec3f3bc2c8768e17c6d.jpg,ERROR_IMAGE_TOO_SMALL,631
2724,images/reliable/7b9cb88ce69c538f11e20e526ee3ecbf555f8314.jpg,ERROR_IMAGE_TOO_SMALL,631
2733,images/reliable/7bcae3620202b2da3ea6c1be3fca9b6a4fef0d88.jpg,ERROR_IMAGE_TOO_SMALL,631
2751,images/reliable/7c9f799e3c07d6901484872a7de7db7cda2bde32.jpg,ERROR_IMAGE_TOO_SMALL,631
2754,images/reliable/7cb3b2299fdec51fa1bcd4ef76af1f2c9c9c7124.jpg,ERROR_IMAGE_TOO_SMALL,631
2910,images/reliable/8454862595dce4001cb39cf4692501dc21deb570.jpg,ERROR_IMAGE_TOO_SMALL,631
2990,images/reliable/878b3b8105c58a62f6675418273eb5063337a371.jpg,ERROR_IMAGE_TOO_SMALL,631
3007,images/reliable/88227ad4fcbf92bc080ca6bb1cbb661614cc56fd.jpg,ERROR_IMAGE_TOO_SMALL,631
3101,images/reliable/8bfe6599fce4812a77454eb22cb78ec70c8d8833.jpg,ERROR_IMAGE_TOO_SMALL,631
3187,images/reliable/9017e6e2a0302459b7b83355298dbaa31955ee48.jpg,ERROR_IMAGE_TOO_SMALL,631
3230,images/reliable/914a2aa5d9da12b53c4346e361b2b8d6775dd070.jpg,ERROR_IMAGE_TOO_SMALL,631
3232,images/reliable/91819be6fc5557a3a674c83a0e2f58639d97f09d.jpg,ERROR_IMAGE_TOO_SMALL,631
3322,images/reliable/94e3de5d718de8666db820fdb48a9874484e1a49.jpg,ERROR_IMAGE_TOO_SMALL,631
3361,images/reliable/96e70b0c80129367613d91f1761ab7e3fb3188a7.jpg,ERROR_IMAGE_TOO_SMALL,631
3415,images/reliable/98d666d29bfe02b41e385e06268ec7215ecaf118.jpg,ERROR_IMAGE_TOO_SMALL,631
3419,images/reliable/98ef1f1d32008e6290cb938f1fa6816b4f1b0b8e.jpg,ERROR_IMAGE_TOO_SMALL,631
3469,images/reliable/9af2479c34765d2c91a42c37b62bd9f7aaae223c.jpg,ERROR_IMAGE_TOO_SMALL,631
3664,images/reliable/a3c050a6573f40a9951825005adb44e335c22fa5.jpg,ERROR_IMAGE_TOO_SMALL,631
3706,images/reliable/a590e6132cb5f5b80f948dd559e0e8abb4db3b4a.jpg,ERROR_IMAGE_TOO_SMALL,631
3752,images/reliable/a88cd74de01e3d60b5d1c4f079ea11c193037885.jpg,ERROR_IMAGE_TOO_SMALL,631
3789,images/reliable/a9e2e65a22177d56439977b6535f3595fe05f0e5.jpg,ERROR_IMAGE_TOO_SMALL,631
3935,images/reliable/b0740bb62d41a11708e109161ae3231da6e02a8a.jpg,ERROR_IMAGE_TOO_SMALL,631
4017,images/reliable/b47dc208629bd8fa3e066759574f03c503cb5377.jpg,ERROR_IMAGE_TOO_SMALL,631
4024,images/reliable/b4ad400588fd5fecc2bd9910530629fa009b1690.jpg,ERROR_IMAGE_TOO_SMALL,631
4121,images/reliable/b904b1e396738be27e825869cab168fae174b952.jpg,ERROR_IMAGE_TOO_SMALL,631
4212,images/reliable/bcc66a363c84596e9859a72bb4ebf223bfc86279.jpg,ERROR_IMAGE_TOO_SMALL,631
4222,images/reliable/bd020b8b2d824764ccb2707e29d15eb3220afcf4.jpg,ERROR_IMAGE_TOO_SMALL,631
4307,images/reliable/c04f73bc0fbfb98edb0779d8444ef8074d1c0ad1.jpg,ERROR_IMAGE_TOO_SMALL,631
4333,images/reliable/c12536e223951b81109b149ac0684c150639120c.jpg,ERROR_IMAGE_TOO_SMALL,631
4408,images/reliable/c3c210826a5679edc483834e04da763a20fb7688.jpg,ERROR_IMAGE_TOO_SMALL,631
4598,images/reliable/cd36c2032929e2a5b3dc4d1e4fb7648392b08bd3.jpg,ERROR_IMAGE_TOO_SMALL,631
4701,images/reliable/d1a0296c510ca648ec656abae3cd6d078b7b89d1.jpg,ERROR_IMAGE_TOO_SMALL,631
4773,images/reliable/d4e97568216528b8452b6fe09aa317a1cbb75e11.jpg,ERROR_IMAGE_TOO_SMALL,631
4875,images/reliable/d899c5dcf76ae68b14b72c3783b791fd77242c50.jpg,ERROR_IMAGE_TOO_SMALL,631
4887,images/reliable/d90cd27972bac64444fd8ef03e995efc2777e2d6.jpg,ERROR_IMAGE_TOO_SMALL,631
4944,images/reliable/dbb9a1d960c7c98ceed5cf34c1e852469973d288.jpg,ERROR_IMAGE_TOO_SMALL,631
5069,images/reliable/e1a1d65275bbb42652e027ee603fea2cdcba6b43.jpg,ERROR_IMAGE_TOO_SMALL,631
5103,images/reliable/e2f2abec243b0a39012ea3283e4cd9b16d2b41df.jpg,ERROR_IMAGE_TOO_SMALL,631
5290,images/reliable/e9f2120fb006ffcfc0bb013742998917fc321820.jpg,ERROR_IMAGE_TOO_SMALL,631
5324,images/reliable/eb5d10015e29e4f872b2638ed3b8262dafd058da.jpg,ERROR_IMAGE_TOO_SMALL,631
5402,images/reliable/eebcb8a9299266d631ffee8faebecc3e5530dfc3.jpg,ERROR_IMAGE_TOO_SMALL,631
5405,images/reliable/eec74bb8892d058cf8d8dc3e7683282f2faa9abe.jpg,ERROR_IMAGE_TOO_SMALL,631
5462,images/reliable/f13381a978d2f533588d00b33fec8feb95e97c71.jpg,ERROR_IMAGE_TOO_SMALL,631
5469,images/reliable/f1901ce93efaaa7dfc3e89e0b002e23fcb6a7d47.jpg,ERROR_IMAGE_TOO_SMALL,631
5493,images/reliable/f2adfe7e0a7174e0501af8eef4ae6caedebca01f.jpg,ERROR_IMAGE_TOO_SMALL,631
5659,images/reliable/fa9e33b1797c9f2a1c52aaa3fb7e0b34d53bb2ff.jpg,ERROR_IMAGE_TOO_SMALL,631
5666,images/reliable/fac78d15ad51c1c66f280a5f7dfcf110e072e990.jpg,ERROR_IMAGE_TOO_SMALL,631
5731,images/reliable/fd7148481dbb32da71190ed6c6980cfc884bbbb9.jpg,ERROR_IMAGE_TOO_SMALL,631
5734,images/reliable/fd944a2fb732cc3815d3a824d446d230d9e15fd9.jpg,ERROR_IMAGE_TOO_SMALL,631
5761,images/reliable/feb5219bc7a9941f78da61e1c2806b1725a356b8.jpg,ERROR_IMAGE_TOO_SMALL,631
5770,images/reliable/ff4a7e2eb59351c81286243e5b6003c8b9ad7b86.jpg,ERROR_IMAGE_TOO_SMALL,631
5776,images/reliable/ff7f0e3a232ec7d7c5e2ec48887fd691fcbfc9a7.jpg,ERROR_IMAGE_TOO_SMALL,631
5787,images/unreliable/0005ea03bb1cf1f3b5a8abd42b79ed37d823c5de.jpg,ERROR_IMAGE_TOO_SMALL,631
5977,images/unreliable/0300ee134a728b0ab1b5c85437a4fef341b4fa8f.jpg,ERROR_IMAGE_TOO_SMALL,631
6019,images/unreliable/03ad2e1219c004650308c98cebc0a7b94bbc5f70.jpg,ERROR_IMAGE_TOO_SMALL,631
6065,images/unreliable/045676aa44da4982d6456b2bc9b13049c039fb6c.jpg,ERROR_IMAGE_TOO_SMALL,631
6072,images/unreliable/045c1de925c748af01a5825ec1a65ea905bdb563.jpg,ERROR_IMAGE_TOO_SMALL,690
6082,images/unreliable/048127668f8d65feaaa226396782afa5b5774c19.jpg,ERROR_IMAGE_TOO_SMALL,631
6148,images/unreliable/056175d2a941ef5ed68848b52d3966e271af09b8.jpg,ERROR_IMAGE_TOO_SMALL,631
6299,images/unreliable/07aff301abded2ddb903ee016ea38c4b9f5e55e7.jpg,ERROR_IMAGE_TOO_SMALL,631
6466,images/unreliable/0a0c5a3500e524c29e55cbceced35de0f723241a.jpg,ERROR_IMAGE_TOO_SMALL,1548
6606,images/unreliable/0bf51da709d69d1d672d0ccf746b464518879465.jpg,ERROR_IMAGE_TOO_SMALL,631
6614,images/unreliable/0c142dd377937aca9a08cb4d7db493f827468a89.jpg,ERROR_IMAGE_TOO_SMALL,631
6823,images/unreliable/0edb98bbda364505e622066a349d7a2926910a0c.jpg,ERROR_IMAGE_TOO_SMALL,631
6898,images/unreliable/0fdf3c48f3fbb7c61ae8bdc0a9a659ce55d62494.jpg,ERROR_IMAGE_TOO_SMALL,631
6927,images/unreliable/103dd63e1510a96fccfe4837b8515c7015530cb7.jpg,ERROR_IMAGE_TOO_SMALL,631
6962,images/unreliable/10ca26b695f043060188bd20540bde7f53504fa9.jpg,ERROR_IMAGE_TOO_SMALL,631
6966,images/unreliable/10ce77a61cf52ecc9f791d629c3ce0e0db3969d2.jpg,ERROR_IMAGE_TOO_SMALL,631
7015,images/unreliable/11720cc07ee01ca24e7ae9fdf586aefd38580ee4.jpg,ERROR_IMAGE_TOO_SMALL,631
7049,images/unreliable/11f299eeff3228de70434429c2b89e9648243edc.jpg,ERROR_IMAGE_TOO_SMALL,657
7380,images/unreliable/1705b74653ad68cbb73c441d9da3708f95f4c911.jpg,ERROR_IMAGE_TOO_SMALL,631
7395,images/unreliable/1743fa027dc48eda2b6b3082d4e7c3ce281414d4.jpg,ERROR_IMAGE_TOO_SMALL,631
7541,images/unreliable/192c2d4a318c309f67a626555736335024a9e716.jpg,ERROR_IMAGE_TOO_SMALL,631
7585,images/unreliable/19dfbd67ad0a4b79f232cfe6729943bdece9b3df.jpg,ERROR_IMAGE_TOO_SMALL,631
7743,images/unreliable/1c4fb4a004ac374ae735c210f8560be0dce354ac.jpg,ERROR_IMAGE_TOO_SMALL,631
7830,images/unreliable/1d3d099bca62db5422b5819fb6d0bd528c525d26.jpg,ERROR_IMAGE_TOO_SMALL,631
7923,images/unreliable/1eaa6d2bf1978e83c5e4300408ab77d22c9cce06.jpg,ERROR_IMAGE_TOO_SMALL,631
8038,images/unreliable/2041c30fe05fee4aa806ac18e3f4c84abe70ea63.jpg,ERROR_IMAGE_TOO_SMALL,631
8137,images/unreliable/21e5e836906fcd27ed72982d1c507f374270ad21.jpg,ERROR_IMAGE_TOO_SMALL,633
8258,images/unreliable/238f6317a28f21035cdd986914f89328aa598764.jpg,ERROR_IMAGE_TOO_SMALL,631
8280,images/unreliable/23ea02572a6ccfae8ae340289aa87cc530f0d93f.jpg,ERROR_IMAGE_TOO_SMALL,631
8286,images/unreliable/240768b420748aa36e38fae6e73c7f7b566dd9fc.jpg,ERROR_IMAGE_TOO_SMALL,631
8468,images/unreliable/26c5e8fe53e9cff3de187bff907b65ff523d67ec.jpg,ERROR_IMAGE_TOO_SMALL,631
8760,images/unreliable/2afbd80e9622304ef500767a78c56e29a47344e8.jpg,ERROR_IMAGE_TOO_SMALL,631
8880,images/unreliable/2ce5c3cc0a14bc681aae6f447f9564ab9967c9b0.jpg,ERROR_IMAGE_TOO_SMALL,631
8894,images/unreliable/2d37f2d6483e4469d533c0af6913c4927421f82d.jpg,ERROR_IMAGE_TOO_SMALL,631
8969,images/unreliable/2e3dc3801d5aa86f64bf22474d217946c1ef3547.jpg,ERROR_IMAGE_TOO_SMALL,631
9140,images/unreliable/309ae87465ad6c04455320e2144bbbc1b4ae554c.jpg,ERROR_IMAGE_TOO_SMALL,631
9175,images/unreliable/311117b54e9c9db4ff84a143a28471503c11ed49.jpg,ERROR_IMAGE_TOO_SMALL,631
9201,images/unreliable/3176f46d914705d36c4eea7ab4387569bcfd1c4b.jpg,ERROR_IMAGE_TOO_SMALL,631
9340,images/unreliable/337257a78cfb38db17f88d968c0b6bb8f14e8136.jpg,ERROR_IMAGE_TOO_SMALL,671
9417,images/unreliable/347173895584dfd59b84197a90d4f9c546fadf00.jpg,ERROR_IMAGE_TOO_SMALL,633
9489,images/unreliable/35352a6eec6708a8b85efc9962621c48d0cc00eb.jpg,ERROR_IMAGE_TOO_SMALL,631
9583,images/unreliable/361f46a5b0e4eb4ab919a3f83e9966fd34660c63.jpg,ERROR_IMAGE_TOO_SMALL,632
9645,images/unreliable/36ff291b4afe46ee8e32eb1997c95f2e7263482a.jpg,ERROR_IMAGE_TOO_SMALL,631
9680,images/unreliable/3792a9b11e9a1754d6357c688c589b7411658760.jpg,ERROR_IMAGE_TOO_SMALL,631
10056,images/unreliable/3d1912ec091eeaf382bc79dd973ab52831735578.jpg,ERROR_IMAGE_TOO_SMALL,631
10082,images/unreliable/3d887985f6cbcbaa99fbcea0883e6c3e097b1555.jpg,ERROR_IMAGE_TOO_SMALL,631
10158,images/unreliable/3e97d0276e9ee820075eb7a323ea96d31782ed9d.jpg,ERROR_IMAGE_TOO_SMALL,631
10173,images/unreliable/3eda702e7d03dd5279d5d0d3a15a9e52dcde48ac.jpg,ERROR_IMAGE_TOO_SMALL,631
10206,images/unreliable/3f747f6318f17b66cea2160773040d305108ac6d.jpg,ERROR_IMAGE_TOO_SMALL,631
10228,images/unreliable/3fd39d7a590da0b6e08cfc827b110c41b711109f.jpg,ERROR_IMAGE_TOO_SMALL,631
10372,images/unreliable/41f8d1a599f4bb69fc2cbba742e61e58801851e7.jpg,ERROR_IMAGE_TOO_SMALL,631
10529,images/unreliable/44426b0dc3274b7e0a37ea287ae5cf393856c4f8.jpg,ERROR_IMAGE_TOO_SMALL,633
10552,images/unreliable/44b6578bc2ac9cbd44fce11f12ec9641f290c738.jpg,ERROR_IMAGE_TOO_SMALL,631
10554,images/unreliable/44c0545ecf1b0f6000c5f208f3bc341da2d518b7.jpg,ERROR_IMAGE_TOO_SMALL,631
10711,images/unreliable/46e357f47c656e90062bdeefa76adf281aa67ee2.jpg,ERROR_IMAGE_TOO_SMALL,631
10733,images/unreliable/472dfdac6477296c3cc2f7509cad30f058103056.jpg,ERROR_IMAGE_TOO_SMALL,631
11066,images/unreliable/4c0137596bf3d635d783f5fa1fe23e6bf3e443af.jpg,ERROR_IMAGE_TOO_SMALL,631
11186,images/unreliable/4d88d2d8b75565560d6db4b5da209e0266cce20f.jpg,ERROR_IMAGE_TOO_SMALL,631
11208,images/unreliable/4ded4ef408205f741719d3670769d778d1a7efdc.jpg,ERROR_IMAGE_TOO_SMALL,631
11289,images/unreliable/4f21637a3b2fc91484ddff0f008df325509e32f7.jpg,ERROR_IMAGE_TOO_SMALL,631
11297,images/unreliable/4f3c25820f09e629d7394615a2810c38f329dc1d.jpg,ERROR_IMAGE_TOO_SMALL,631
11311,images/unreliable/4f6e3f24a87bfa3e2c39c599b35dc21d6deecb84.jpg,ERROR_IMAGE_TOO_SMALL,709
11312,images/unreliable/4f75756661edc76d59966d0da9d7a77dda2e31ce.jpg,ERROR_IMAGE_TOO_SMALL,631
11357,images/unreliable/4fe14112b868ea3d43463902a876e27f4c31fcfb.jpg,ERROR_IMAGE_TOO_SMALL,633
11409,images/unreliable/50676c1259f8da922bb1f009e48f587d4af04a42.jpg,ERROR_IMAGE_TOO_SMALL,783
11513,images/unreliable/51f8a943f7ecc647777404d3376e6fcae109c92b.jpg,ERROR_IMAGE_TOO_SMALL,630
11698,images/unreliable/54cbfe25b337ad48d2ac606de94417cff6070af7.jpg,ERROR_IMAGE_TOO_SMALL,633
11765,images/unreliable/55dbd98627481f67d817201c66fba6485b97eac9.jpg,ERROR_IMAGE_TOO_SMALL,631
11960,images/unreliable/58c20d9b9dc13a31acd1a6f9f81e2481c09a97d3.jpg,ERROR_IMAGE_TOO_SMALL,631
12043,images/unreliable/59e9411436b18624dee364a8ccd30b4da39480a3.jpg,ERROR_IMAGE_TOO_SMALL,631
12212,images/unreliable/5c6a5a5d0604168bfef63ebfa41d7aa31e59dcc8.jpg,ERROR_IMAGE_TOO_SMALL,631
12345,images/unreliable/5e57429d215a14055618fedadcaf16c86db30461.jpg,ERROR_IMAGE_TOO_SMALL,631
12404,images/unreliable/5f55c5af8138ea6282659405b866fedf91d4f8a9.jpg,ERROR_IMAGE_TOO_SMALL,631
12433,images/unreliable/5fc4d780d3971b9fcc7cc3b05c33131eaeeee60e.jpg,ERROR_IMAGE_TOO_SMALL,631
12482,images/unreliable/60405b2270b1f416facfe66bfeb77c33fba3d1a4.jpg,ERROR_IMAGE_TOO_SMALL,631
12506,images/unreliable/60ac368665970e74b01a47e0df7915d6a8a10f75.jpg,ERROR_IMAGE_TOO_SMALL,631
12541,images/unreliable/6120c3866c13c3a8f81c9491e733849a09ccfb69.jpg,ERROR_IMAGE_TOO_SMALL,631
12561,images/unreliable/61694646e521c0a468f20cf9256d81b24c311588.jpg,ERROR_IMAGE_TOO_SMALL,631
12601,images/unreliable/61e5be1e5500db12d53b9bb45238c0c49128db24.jpg,ERROR_IMAGE_TOO_SMALL,631
12643,images/unreliable/628a60cf2a900906cc3611719558787c9e04fc43.jpg,ERROR_IMAGE_TOO_SMALL,631
12753,images/unreliable/63f2f17123381dd317fc79a71d5f047a69b73d0b.jpg,ERROR_IMAGE_TOO_SMALL,631
12810,images/unreliable/649d036915388120128c91885957f0d9e97bea5e.jpg,ERROR_IMAGE_TOO_SMALL,631
13010,images/unreliable/67468731258a12a63b6e6159291a90a3b129e73d.jpg,ERROR_IMAGE_TOO_SMALL,927
13013,images/unreliable/674bf37c9d48398afb29a5d3255947ec8c02de12.jpg,ERROR_IMAGE_TOO_SMALL,631
13629,images/unreliable/70500d4bb59af8dbe91de0753f726f619dae9654.jpg,ERROR_IMAGE_TOO_SMALL,678
13828,images/unreliable/7309d4f6fffda797ccc2f3cbcacf280441c649b4.jpg,ERROR_IMAGE_TOO_SMALL,631
13868,images/unreliable/738e0904e78262037cc9e6cf05d665e8336461f4.jpg,ERROR_IMAGE_TOO_SMALL,304
13919,images/unreliable/7461c30c0465ecd5f8fe99fa89e289f7304e9b63.jpg,ERROR_IMAGE_TOO_SMALL,631
13980,images/unreliable/750da41a5618dfd19c3533195cf1a44789b76036.jpg,ERROR_IMAGE_TOO_SMALL,678
14051,images/unreliable/761adf0023611aaa998b4c4bf97cd01d62866acb.jpg,ERROR_IMAGE_TOO_SMALL,631
14453,images/unreliable/7babaae6851ec64af9dc2c88df9bfddd8a6aa40b.jpg,ERROR_IMAGE_TOO_SMALL,631
14582,images/unreliable/7d657e1bdab4359bd8458e15213591632f7bdd69.jpg,ERROR_IMAGE_TOO_SMALL,631
14813,images/unreliable/809ed8664a52fe5cf68c67be5336e87f85912670.jpg,ERROR_IMAGE_TOO_SMALL,631
14845,images/unreliable/81043047121894c818ff35c0986ee68901b8ed79.jpg,ERROR_IMAGE_TOO_SMALL,631
14869,images/unreliable/8157205da369ad395c231ae7fbfd490bdd84ec35.jpg,ERROR_IMAGE_TOO_SMALL,631
15134,images/unreliable/850163d1cdf2021aead209852e9845927c3a41cd.jpg,ERROR_IMAGE_TOO_SMALL,631
15245,images/unreliable/866ecccb13f38f067c16e9cd57325b50cf6f70c3.jpg,ERROR_IMAGE_TOO_SMALL,631
15362,images/unreliable/88227ad4fcbf92bc080ca6bb1cbb661614cc56fd.jpg,ERROR_IMAGE_TOO_SMALL,631
15387,images/unreliable/887779dce0e0da91f27c577f1b1a2c4a663155f4.jpg,ERROR_IMAGE_TOO_SMALL,631
15486,images/unreliable/89c7fe996345544d9df5a294415b0f6ab1fb1683.jpg,ERROR_IMAGE_TOO_SMALL,631
15499,images/unreliable/8a0818c208841751624f460b578dcbf5f8341cf8.jpg,ERROR_IMAGE_TOO_SMALL,631
15737,images/unreliable/8d48529482ac5381007e94ae65704b495829a7b8.jpg,ERROR_IMAGE_TOO_SMALL,631
15797,images/unreliable/8e0a59a562a09274c1cfefd37b9b8e9b79739996.jpg,ERROR_IMAGE_TOO_SMALL,631
15994,images/unreliable/91274ba3e2044424792aab81ef8d3174fcc42051.jpg,ERROR_IMAGE_TOO_SMALL,631
16079,images/unreliable/9235dc6a975fef9fd6c1d67ccfd255e576f1a650.jpg,ERROR_IMAGE_TOO_SMALL,787
16303,images/unreliable/955e784c742e12d80166e93ea39d5c094e93d0e4.jpg,ERROR_IMAGE_TOO_SMALL,631
16684,images/unreliable/9a7811bbc3bed0953f857a61d86d3ead27388f1c.jpg,ERROR_IMAGE_TOO_SMALL,631
16699,images/unreliable/9ab03a0518f81c8a25e01cb18ff5a3e912700238.jpg,ERROR_IMAGE_TOO_SMALL,632
16738,images/unreliable/9b3a460848907f2d7e0154eeab3ae757f726e82e.jpg,ERROR_IMAGE_TOO_SMALL,631
16833,images/unreliable/9ca8a8250f3490bfc5d0371dc0e14f88fe81c409.jpg,ERROR_IMAGE_TOO_SMALL,695
17004,images/unreliable/9f3b1a68b2a45720e074f6e6f5648e8df297605c.jpg,ERROR_IMAGE_TOO_SMALL,631
17353,images/unreliable/a42054d0fee01421c08c7c38eb52cf3cbb0ce850.jpg,ERROR_IMAGE_TOO_SMALL,631
17485,images/unreliable/a5fdf532658640cfb0bfef22e2e2e4a472c09dba.jpg,ERROR_IMAGE_TOO_SMALL,631
17515,images/unreliable/a658f187debfd919a121f494f25e64f495c7cd16.jpg,ERROR_IMAGE_TOO_SMALL,631
17524,images/unreliable/a674cb45ab2d627adb484ad5a8cebacfe9ec6fd0.jpg,ERROR_IMAGE_TOO_SMALL,631
17618,images/unreliable/a7c28b207b17d2e79cdfc6e1be329276a88fbd84.jpg,ERROR_IMAGE_TOO_SMALL,631
17797,images/unreliable/aa555c6ffa6df3c8f61eb61460b4dbfc0351e339.jpg,ERROR_IMAGE_TOO_SMALL,631
17866,images/unreliable/ab2dc9d9c3175cfcec40056372f862cb12b5d576.jpg,ERROR_IMAGE_TOO_SMALL,631
17871,images/unreliable/ab4bed4709135d7c28ebb979a9ed6da9c2dd0c18.jpg,ERROR_IMAGE_TOO_SMALL,631
17902,images/unreliable/abb042cedd6cb70496ab0fad4ae89d26d6d829c1.jpg,ERROR_IMAGE_TOO_SMALL,631
17976,images/unreliable/acb3e3fe507c6cd6d84624c93aa9594040a511a3.jpg,ERROR_IMAGE_TOO_SMALL,631
17984,images/unreliable/acd7381c6b6620cbd08a431adefa3ef39f495217.jpg,ERROR_IMAGE_TOO_SMALL,631
18106,images/unreliable/ae68e1579e12b0da18f1474e08a06a6049a1e238.jpg,ERROR_IMAGE_TOO_SMALL,631
18149,images/unreliable/af1a1e1d7c85b3bbcf78908734d87a25e0653131.jpg,ERROR_IMAGE_TOO_SMALL,631
18243,images/unreliable/b0740bb62d41a11708e109161ae3231da6e02a8a.jpg,ERROR_IMAGE_TOO_SMALL,631
18339,images/unreliable/b1edadcfd6024bee22f45608338c6ec22f34cf29.jpg,ERROR_IMAGE_TOO_SMALL,629
18368,images/unreliable/b27f3b16666e717c83791bf27735b3bc17908c84.jpg,ERROR_IMAGE_TOO_SMALL,631
18500,images/unreliable/b4603b82ae99d57829ab2feec23b6c848261bc7b.jpg,ERROR_IMAGE_TOO_SMALL,631
18658,images/unreliable/b6c42c3a5e5f44fb574102b437b9d375ef7176bf.jpg,ERROR_IMAGE_TOO_SMALL,682
18665,images/unreliable/b6da44c6ba53c468d0c24de41d00e1fb5ae7e0bf.jpg,ERROR_IMAGE_TOO_SMALL,631
18691,images/unreliable/b73be26fb03f60c24383328d7aa483dc85e78d47.jpg,ERROR_IMAGE_TOO_SMALL,631
18741,images/unreliable/b81e44d6b50aff9d0be58709d33e34edb3ce9178.jpg,ERROR_IMAGE_TOO_SMALL,631
18753,images/unreliable/b8570997ec562333dcf7cc155b9ce8a0f4fe672d.jpg,ERROR_IMAGE_TOO_SMALL,682
18769,images/unreliable/b873fe52f5fe3187f0a0fc3c42903d002df12b0f.jpg,ERROR_IMAGE_TOO_SMALL,631
18916,images/unreliable/ba5a7f56e4c0fce0c32ad9bd85d814a850292eed.jpg,ERROR_IMAGE_TOO_SMALL,631
19073,images/unreliable/bce0aff424355bfaa79a6d8be680dfeef5e9ab93.jpg,ERROR_IMAGE_TOO_SMALL,631
19085,images/unreliable/bd026d0d2ef582da22aa3f9422a45d48bb3610c4.jpg,ERROR_IMAGE_TOO_SMALL,631
19249,images/unreliable/bf4a86e824b8091ca7d7e271cf03006af658e9b7.jpg,ERROR_IMAGE_TOO_SMALL,631
19331,images/unreliable/c0744078d2c064912800b9fa3040e8bdce7989d7.jpg,ERROR_IMAGE_TOO_SMALL,631
19340,images/unreliable/c097053627c3e10498da333ec2c7dcf29497dfd1.jpg,ERROR_IMAGE_TOO_SMALL,631
19360,images/unreliable/c0d029e07c9983a79421acceb964b915be84753a.jpg,ERROR_IMAGE_TOO_SMALL,631
19424,images/unreliable/c1d1a6ce286631ea544afcc9358d3b7e414b8692.jpg,ERROR_IMAGE_TOO_SMALL,631
19453,images/unreliable/c2413300049b16ae437a4e3d5d57450dd576692f.jpg,ERROR_IMAGE_TOO_SMALL,633
19507,images/unreliable/c2fbd74ad373e1383c72fd8e30c5ad46103c1c3d.jpg,ERROR_IMAGE_TOO_SMALL,631
19513,images/unreliable/c31dc324877d7c1b2d8cdb4e05207d28819452b4.jpg,ERROR_IMAGE_TOO_SMALL,631
19565,images/unreliable/c3cf2aab78ca83bf2ba50a83f8deb6f7a2c91b72.jpg,ERROR_IMAGE_TOO_SMALL,538
19754,images/unreliable/c674d36b73048ab2a474d4e60bbe963425c36f12.jpg,ERROR_IMAGE_TOO_SMALL,631
19943,images/unreliable/c93f5c270574bbb4c84764b83afe8a255100feb6.jpg,ERROR_IMAGE_TOO_SMALL,631
20180,images/unreliable/ccab9d7bcec1fee14ad24ae5fb4fc8011f82b4ca.jpg,ERROR_IMAGE_TOO_SMALL,631
20208,images/unreliable/cd1221eca4e7374229affdc54a56e1a39406c016.jpg,ERROR_IMAGE_TOO_SMALL,631
20216,images/unreliable/cd36c2032929e2a5b3dc4d1e4fb7648392b08bd3.jpg,ERROR_IMAGE_TOO_SMALL,631
20238,images/unreliable/cd93877ae94e720209e48b06ba7ceb47552c2f77.jpg,ERROR_IMAGE_TOO_SMALL,631
20277,images/unreliable/cdf47dbb97cffa18337bd3300e9c0106af5b7dca.jpg,ERROR_IMAGE_TOO_SMALL,631
20694,images/unreliable/d3c07eeda32d73d9a516557918d1de7870ab2b89.jpg,ERROR_IMAGE_TOO_SMALL,631
20706,images/unreliable/d3eeee091c297edf496428999f0f6bef478a3460.jpg,ERROR_IMAGE_TOO_SMALL,631
20733,images/unreliable/d451028aa5881a9fb41d49fe401dda093f6f5d17.jpg,ERROR_IMAGE_TOO_SMALL,631
20777,images/unreliable/d4b76dabc24fe7ab2613db26899ae19cf9206b43.jpg,ERROR_IMAGE_TOO_SMALL,631
20839,images/unreliable/d57d984c539fa1ad909c2df7adc52fba11bd0e75.jpg,ERROR_IMAGE_TOO_SMALL,631
20924,images/unreliable/d6c3b57d92265711c3eb48138bc52ec69950d2a9.jpg,ERROR_IMAGE_TOO_SMALL,631
20961,images/unreliable/d733f450290f92bce97ff34013b0f5b23acd2388.jpg,ERROR_IMAGE_TOO_SMALL,631
21073,images/unreliable/d8c335a0e6d5f490217cae4701325526c4f83a0d.jpg,ERROR_IMAGE_TOO_SMALL,631
21118,images/unreliable/d983a3404c91c93783ea9d1c4112df8605654873.jpg,ERROR_IMAGE_TOO_SMALL,631
21300,images/unreliable/dc029e4f9394506c0de98fa91cc84935057e0b55.jpg,ERROR_IMAGE_TOO_SMALL,631
21461,images/unreliable/de46558e76bc87d9663a424516d3c663f05e7f2b.jpg,ERROR_IMAGE_TOO_SMALL,631
21463,images/unreliable/de5012d9b7b6d74f0d61afeb9839464ab227a869.jpg,ERROR_IMAGE_TOO_SMALL,732
21713,images/unreliable/e22b9c568b27e1b4b55613085b88d94b5f484cd7.jpg,ERROR_IMAGE_TOO_SMALL,631
21824,images/unreliable/e3d00df0a59940f3772b4cd4087d5eb9683d5f8b.jpg,ERROR_IMAGE_TOO_SMALL,631
21829,images/unreliable/e3ed758a3087437380122ac61b6d345e78c5622b.jpg,ERROR_IMAGE_TOO_SMALL,631
21839,images/unreliable/e40d2d102bf8ce67787251566710c6a18cc7a7f0.jpg,ERROR_IMAGE_TOO_SMALL,673
21873,images/unreliable/e48d233b7527039a9d6cd15f6b47bd09da45fa65.jpg,ERROR_IMAGE_TOO_SMALL,686
22160,images/unreliable/e8e040c6a9d8fff7ba9c656bcdaf96f07695d299.jpg,ERROR_IMAGE_TOO_SMALL,631
22167,images/unreliable/e8f907e972721d7049f727305d6f05827d0cb65d.jpg,ERROR_IMAGE_TOO_SMALL,631
22238,images/unreliable/e9ef07ef880123559d36fcc94238298a79cb8f02.jpg,ERROR_IMAGE_TOO_SMALL,631
22240,images/unreliable/e9f2120fb006ffcfc0bb013742998917fc321820.jpg,ERROR_IMAGE_TOO_SMALL,631
22369,images/unreliable/ebcb78b8ee547c8450fbd14cd48db072e3c86f05.jpg,ERROR_IMAGE_TOO_SMALL,631
22427,images/unreliable/ecb10839b2c14e8bf861a5ad2b45f1e0af7504d6.jpg,ERROR_IMAGE_TOO_SMALL,631
22589,images/unreliable/eec525637eb524a2ce71373accad4b92c888bacc.jpg,ERROR_IMAGE_TOO_SMALL,631
22612,images/unreliable/ef18762f8abc2e8f58aec0274696abb3321aaa29.jpg,ERROR_IMAGE_TOO_SMALL,631
22642,images/unreliable/ef7506d484c4522263f5c31fbf8f5d2cc9b0bf2b.jpg,ERROR_IMAGE_TOO_SMALL,631
22718,images/unreliable/f0a2d665aa50f8a8ceb2755483ced1b3df5d035b.jpg,ERROR_IMAGE_TOO_SMALL,631
22808,images/unreliable/f1ea7bb71feae31c746990d4d42e8e0ffa25eaa4.jpg,ERROR_IMAGE_TOO_SMALL,677
22894,images/unreliable/f2f6f184402116e8c7dd3ddf349f0748fe85fb1b.jpg,ERROR_IMAGE_TOO_SMALL,631
23318,images/unreliable/f88a1e9160a7ae578eb85865d1a6446962462af4.jpg,ERROR_IMAGE_TOO_SMALL,631
23341,images/unreliable/f8cee526807ad53b5d5b46bf9cdf7385976d7fae.jpg,ERROR_IMAGE_TOO_SMALL,631
23387,images/unreliable/f9843b317a6c842fd244fa80fee6821fbbcb9e1a.jpg,ERROR_IMAGE_TOO_SMALL,631
23610,images/unreliable/fd223af8d6d1f720cb564a30f0b940fb2f115ddc.jpg,ERROR_IMAGE_TOO_SMALL,631
